Temperature - (Celsius),Year,Statistics,Country,ISO3
27.76,1901,Jan Average,Australia,AUS
27.16,1901,Feb Average,Australia,AUS
25.6,1901,Mar Average,Australia,AUS
22.03,1901,Apr Average,Australia,AUS
18.02,1901,May Average,Australia,AUS
14.7,1901,Jun Average,Australia,AUS
13.94,1901,Jul Average,Australia,AUS
15.45,1901,Aug Average,Australia,AUS
19.35,1901,Sep Average,Australia,AUS
22.84,1901,Oct Average,Australia,AUS
26.06,1901,Nov Average,Australia,AUS
26.58,1901,Dec Average,Australia,AUS
27.96,1902,Jan Average,Australia,AUS
27.28,1902,Feb Average,Australia,AUS
25.75,1902,Mar Average,Australia,AUS
21.63,1902,Apr Average,Australia,AUS
17.39,1902,May Average,Australia,AUS
14.53,1902,Jun Average,Australia,AUS
13.5,1902,Jul Average,Australia,AUS
15.62,1902,Aug Average,Australia,AUS
18.7,1902,Sep Average,Australia,AUS
22.08,1902,Oct Average,Australia,AUS
24.99,1902,Nov Average,Australia,AUS
25.85,1902,Dec Average,Australia,AUS
26.79,1903,Jan Average,Australia,AUS
26.19,1903,Feb Average,Australia,AUS
24.49,1903,Mar Average,Australia,AUS
21.79,1903,Apr Average,Australia,AUS
17.77,1903,May Average,Australia,AUS
14.23,1903,Jun Average,Australia,AUS
13.79,1903,Jul Average,Australia,AUS
15.57,1903,Aug Average,Australia,AUS
18.47,1903,Sep Average,Australia,AUS
21.99,1903,Oct Average,Australia,AUS
25.41,1903,Nov Average,Australia,AUS
27.68,1903,Dec Average,Australia,AUS
28.17,1904,Jan Average,Australia,AUS
26.46,1904,Feb Average,Australia,AUS
25.4,1904,Mar Average,Australia,AUS
22.11,1904,Apr Average,Australia,AUS
18.38,1904,May Average,Australia,AUS
14.61,1904,Jun Average,Australia,AUS
13.64,1904,Jul Average,Australia,AUS
15.01,1904,Aug Average,Australia,AUS
17.51,1904,Sep Average,Australia,AUS
20.92,1904,Oct Average,Australia,AUS
25.27,1904,Nov Average,Australia,AUS
27.87,1904,Dec Average,Australia,AUS
29.22,1905,Jan Average,Australia,AUS
28.63,1905,Feb Average,Australia,AUS
24.91,1905,Mar Average,Australia,AUS
23.09,1905,Apr Average,Australia,AUS
18.78,1905,May Average,Australia,AUS
16.13,1905,Jun Average,Australia,AUS
14.68,1905,Jul Average,Australia,AUS
15.9,1905,Aug Average,Australia,AUS
18.56,1905,Sep Average,Australia,AUS
22.54,1905,Oct Average,Australia,AUS
24.17,1905,Nov Average,Australia,AUS
26.9,1905,Dec Average,Australia,AUS
27.11,1906,Jan Average,Australia,AUS
26.92,1906,Feb Average,Australia,AUS
24.54,1906,Mar Average,Australia,AUS
21.16,1906,Apr Average,Australia,AUS
17.85,1906,May Average,Australia,AUS
14.88,1906,Jun Average,Australia,AUS
14.06,1906,Jul Average,Australia,AUS
15.93,1906,Aug Average,Australia,AUS
19.02,1906,Sep Average,Australia,AUS
22.99,1906,Oct Average,Australia,AUS
24.58,1906,Nov Average,Australia,AUS
26.49,1906,Dec Average,Australia,AUS
28.22,1907,Jan Average,Australia,AUS
26.68,1907,Feb Average,Australia,AUS
24.31,1907,Mar Average,Australia,AUS
21.55,1907,Apr Average,Australia,AUS
17.42,1907,May Average,Australia,AUS
13.02,1907,Jun Average,Australia,AUS
13.28,1907,Jul Average,Australia,AUS
14.81,1907,Aug Average,Australia,AUS
17.51,1907,Sep Average,Australia,AUS
21.34,1907,Oct Average,Australia,AUS
25.54,1907,Nov Average,Australia,AUS
27.33,1907,Dec Average,Australia,AUS
26.99,1908,Jan Average,Australia,AUS
26.54,1908,Feb Average,Australia,AUS
25.25,1908,Mar Average,Australia,AUS
20.63,1908,Apr Average,Australia,AUS
17.29,1908,May Average,Australia,AUS
15.07,1908,Jun Average,Australia,AUS
13.07,1908,Jul Average,Australia,AUS
15.85,1908,Aug Average,Australia,AUS
18.49,1908,Sep Average,Australia,AUS
22.75,1908,Oct Average,Australia,AUS
24.84,1908,Nov Average,Australia,AUS
26.04,1908,Dec Average,Australia,AUS
27.71,1909,Jan Average,Australia,AUS
27.35,1909,Feb Average,Australia,AUS
24.47,1909,Mar Average,Australia,AUS
22.16,1909,Apr Average,Australia,AUS
18.53,1909,May Average,Australia,AUS
15.19,1909,Jun Average,Australia,AUS
14.18,1909,Jul Average,Australia,AUS
16.46,1909,Aug Average,Australia,AUS
19.94,1909,Sep Average,Australia,AUS
21.24,1909,Oct Average,Australia,AUS
24.47,1909,Nov Average,Australia,AUS
26.13,1909,Dec Average,Australia,AUS
27.29,1910,Jan Average,Australia,AUS
26.26,1910,Feb Average,Australia,AUS
24.88,1910,Mar Average,Australia,AUS
21.35,1910,Apr Average,Australia,AUS
17.48,1910,May Average,Australia,AUS
13.66,1910,Jun Average,Australia,AUS
14.0,1910,Jul Average,Australia,AUS
15.87,1910,Aug Average,Australia,AUS
18.94,1910,Sep Average,Australia,AUS
22.5,1910,Oct Average,Australia,AUS
25.98,1910,Nov Average,Australia,AUS
27.09,1910,Dec Average,Australia,AUS
28.37,1911,Jan Average,Australia,AUS
28.33,1911,Feb Average,Australia,AUS
26.07,1911,Mar Average,Australia,AUS
21.65,1911,Apr Average,Australia,AUS
18.05,1911,May Average,Australia,AUS
14.78,1911,Jun Average,Australia,AUS
13.99,1911,Jul Average,Australia,AUS
16.13,1911,Aug Average,Australia,AUS
19.12,1911,Sep Average,Australia,AUS
22.74,1911,Oct Average,Australia,AUS
24.84,1911,Nov Average,Australia,AUS
27.33,1911,Dec Average,Australia,AUS
27.27,1912,Jan Average,Australia,AUS
26.92,1912,Feb Average,Australia,AUS
24.49,1912,Mar Average,Australia,AUS
22.08,1912,Apr Average,Australia,AUS
16.12,1912,May Average,Australia,AUS
13.74,1912,Jun Average,Australia,AUS
14.26,1912,Jul Average,Australia,AUS
15.54,1912,Aug Average,Australia,AUS
18.35,1912,Sep Average,Australia,AUS
22.64,1912,Oct Average,Australia,AUS
25.38,1912,Nov Average,Australia,AUS
27.56,1912,Dec Average,Australia,AUS
27.97,1913,Jan Average,Australia,AUS
27.92,1913,Feb Average,Australia,AUS
26.04,1913,Mar Average,Australia,AUS
22.59,1913,Apr Average,Australia,AUS
18.25,1913,May Average,Australia,AUS
15.07,1913,Jun Average,Australia,AUS
13.45,1913,Jul Average,Australia,AUS
16.73,1913,Aug Average,Australia,AUS
19.36,1913,Sep Average,Australia,AUS
23.24,1913,Oct Average,Australia,AUS
26.4,1913,Nov Average,Australia,AUS
28.01,1913,Dec Average,Australia,AUS
27.43,1914,Jan Average,Australia,AUS
28.44,1914,Feb Average,Australia,AUS
26.0,1914,Mar Average,Australia,AUS
22.6,1914,Apr Average,Australia,AUS
17.53,1914,May Average,Australia,AUS
16.04,1914,Jun Average,Australia,AUS
15.29,1914,Jul Average,Australia,AUS
15.87,1914,Aug Average,Australia,AUS
19.99,1914,Sep Average,Australia,AUS
22.48,1914,Oct Average,Australia,AUS
26.01,1914,Nov Average,Australia,AUS
27.19,1914,Dec Average,Australia,AUS
27.91,1915,Jan Average,Australia,AUS
27.49,1915,Feb Average,Australia,AUS
25.77,1915,Mar Average,Australia,AUS
21.08,1915,Apr Average,Australia,AUS
18.7,1915,May Average,Australia,AUS
15.7,1915,Jun Average,Australia,AUS
13.91,1915,Jul Average,Australia,AUS
16.1,1915,Aug Average,Australia,AUS
19.44,1915,Sep Average,Australia,AUS
21.58,1915,Oct Average,Australia,AUS
23.59,1915,Nov Average,Australia,AUS
26.05,1915,Dec Average,Australia,AUS
26.92,1916,Jan Average,Australia,AUS
25.07,1916,Feb Average,Australia,AUS
24.39,1916,Mar Average,Australia,AUS
20.62,1916,Apr Average,Australia,AUS
16.19,1916,May Average,Australia,AUS
14.16,1916,Jun Average,Australia,AUS
14.89,1916,Jul Average,Australia,AUS
15.22,1916,Aug Average,Australia,AUS
18.93,1916,Sep Average,Australia,AUS
21.95,1916,Oct Average,Australia,AUS
24.06,1916,Nov Average,Australia,AUS
26.55,1916,Dec Average,Australia,AUS
26.94,1917,Jan Average,Australia,AUS
26.02,1917,Feb Average,Australia,AUS
24.01,1917,Mar Average,Australia,AUS
21.46,1917,Apr Average,Australia,AUS
17.86,1917,May Average,Australia,AUS
15.37,1917,Jun Average,Australia,AUS
12.95,1917,Jul Average,Australia,AUS
15.79,1917,Aug Average,Australia,AUS
19.05,1917,Sep Average,Australia,AUS
22.49,1917,Oct Average,Australia,AUS
25.64,1917,Nov Average,Australia,AUS
27.44,1917,Dec Average,Australia,AUS
27.9,1918,Jan Average,Australia,AUS
27.14,1918,Feb Average,Australia,AUS
25.36,1918,Mar Average,Australia,AUS
22.67,1918,Apr Average,Australia,AUS
17.97,1918,May Average,Australia,AUS
15.49,1918,Jun Average,Australia,AUS
13.86,1918,Jul Average,Australia,AUS
15.59,1918,Aug Average,Australia,AUS
18.8,1918,Sep Average,Australia,AUS
22.35,1918,Oct Average,Australia,AUS
25.81,1918,Nov Average,Australia,AUS
27.94,1918,Dec Average,Australia,AUS
27.14,1919,Jan Average,Australia,AUS
26.9,1919,Feb Average,Australia,AUS
24.68,1919,Mar Average,Australia,AUS
21.12,1919,Apr Average,Australia,AUS
17.48,1919,May Average,Australia,AUS
15.34,1919,Jun Average,Australia,AUS
14.07,1919,Jul Average,Australia,AUS
15.61,1919,Aug Average,Australia,AUS
19.0,1919,Sep Average,Australia,AUS
22.51,1919,Oct Average,Australia,AUS
25.29,1919,Nov Average,Australia,AUS
26.29,1919,Dec Average,Australia,AUS
27.24,1920,Jan Average,Australia,AUS
27.33,1920,Feb Average,Australia,AUS
24.63,1920,Mar Average,Australia,AUS
21.51,1920,Apr Average,Australia,AUS
19.26,1920,May Average,Australia,AUS
16.15,1920,Jun Average,Australia,AUS
15.01,1920,Jul Average,Australia,AUS
14.97,1920,Aug Average,Australia,AUS
19.12,1920,Sep Average,Australia,AUS
21.65,1920,Oct Average,Australia,AUS
25.71,1920,Nov Average,Australia,AUS
26.77,1920,Dec Average,Australia,AUS
27.32,1921,Jan Average,Australia,AUS
27.41,1921,Feb Average,Australia,AUS
25.22,1921,Mar Average,Australia,AUS
22.89,1921,Apr Average,Australia,AUS
17.44,1921,May Average,Australia,AUS
14.68,1921,Jun Average,Australia,AUS
12.71,1921,Jul Average,Australia,AUS
15.01,1921,Aug Average,Australia,AUS
18.87,1921,Sep Average,Australia,AUS
22.66,1921,Oct Average,Australia,AUS
25.81,1921,Nov Average,Australia,AUS
26.5,1921,Dec Average,Australia,AUS
27.63,1922,Jan Average,Australia,AUS
28.43,1922,Feb Average,Australia,AUS
26.19,1922,Mar Average,Australia,AUS
22.63,1922,Apr Average,Australia,AUS
18.74,1922,May Average,Australia,AUS
14.55,1922,Jun Average,Australia,AUS
13.34,1922,Jul Average,Australia,AUS
14.76,1922,Aug Average,Australia,AUS
18.15,1922,Sep Average,Australia,AUS
21.9,1922,Oct Average,Australia,AUS
24.71,1922,Nov Average,Australia,AUS
27.02,1922,Dec Average,Australia,AUS
26.77,1923,Jan Average,Australia,AUS
26.29,1923,Feb Average,Australia,AUS
24.61,1923,Mar Average,Australia,AUS
20.27,1923,Apr Average,Australia,AUS
17.87,1923,May Average,Australia,AUS
14.49,1923,Jun Average,Australia,AUS
14.68,1923,Jul Average,Australia,AUS
15.79,1923,Aug Average,Australia,AUS
19.34,1923,Sep Average,Australia,AUS
22.0,1923,Oct Average,Australia,AUS
24.73,1923,Nov Average,Australia,AUS
25.95,1923,Dec Average,Australia,AUS
26.38,1924,Jan Average,Australia,AUS
26.75,1924,Feb Average,Australia,AUS
25.02,1924,Mar Average,Australia,AUS
21.5,1924,Apr Average,Australia,AUS
17.58,1924,May Average,Australia,AUS
14.69,1924,Jun Average,Australia,AUS
12.88,1924,Jul Average,Australia,AUS
14.78,1924,Aug Average,Australia,AUS
17.41,1924,Sep Average,Australia,AUS
21.95,1924,Oct Average,Australia,AUS
25.75,1924,Nov Average,Australia,AUS
27.74,1924,Dec Average,Australia,AUS
27.85,1925,Jan Average,Australia,AUS
28.74,1925,Feb Average,Australia,AUS
25.78,1925,Mar Average,Australia,AUS
22.37,1925,Apr Average,Australia,AUS
16.63,1925,May Average,Australia,AUS
14.51,1925,Jun Average,Australia,AUS
14.7,1925,Jul Average,Australia,AUS
16.08,1925,Aug Average,Australia,AUS
19.25,1925,Sep Average,Australia,AUS
23.08,1925,Oct Average,Australia,AUS
25.73,1925,Nov Average,Australia,AUS
26.46,1925,Dec Average,Australia,AUS
27.65,1926,Jan Average,Australia,AUS
26.44,1926,Feb Average,Australia,AUS
25.36,1926,Mar Average,Australia,AUS
21.2,1926,Apr Average,Australia,AUS
17.0,1926,May Average,Australia,AUS
15.25,1926,Jun Average,Australia,AUS
13.73,1926,Jul Average,Australia,AUS
15.67,1926,Aug Average,Australia,AUS
19.19,1926,Sep Average,Australia,AUS
22.89,1926,Oct Average,Australia,AUS
25.84,1926,Nov Average,Australia,AUS
26.64,1926,Dec Average,Australia,AUS
27.15,1927,Jan Average,Australia,AUS
26.9,1927,Feb Average,Australia,AUS
25.71,1927,Mar Average,Australia,AUS
22.98,1927,Apr Average,Australia,AUS
17.23,1927,May Average,Australia,AUS
14.25,1927,Jun Average,Australia,AUS
14.06,1927,Jul Average,Australia,AUS
17.08,1927,Aug Average,Australia,AUS
20.39,1927,Sep Average,Australia,AUS
22.78,1927,Oct Average,Australia,AUS
25.9,1927,Nov Average,Australia,AUS
27.54,1927,Dec Average,Australia,AUS
27.73,1928,Jan Average,Australia,AUS
27.88,1928,Feb Average,Australia,AUS
24.55,1928,Mar Average,Australia,AUS
20.63,1928,Apr Average,Australia,AUS
17.17,1928,May Average,Australia,AUS
14.11,1928,Jun Average,Australia,AUS
12.55,1928,Jul Average,Australia,AUS
15.73,1928,Aug Average,Australia,AUS
18.14,1928,Sep Average,Australia,AUS
22.3,1928,Oct Average,Australia,AUS
25.44,1928,Nov Average,Australia,AUS
26.2,1928,Dec Average,Australia,AUS
27.49,1929,Jan Average,Australia,AUS
27.69,1929,Feb Average,Australia,AUS
25.59,1929,Mar Average,Australia,AUS
21.6,1929,Apr Average,Australia,AUS
18.01,1929,May Average,Australia,AUS
15.11,1929,Jun Average,Australia,AUS
14.79,1929,Jul Average,Australia,AUS
15.77,1929,Aug Average,Australia,AUS
18.96,1929,Sep Average,Australia,AUS
22.5,1929,Oct Average,Australia,AUS
25.42,1929,Nov Average,Australia,AUS
26.61,1929,Dec Average,Australia,AUS
27.42,1930,Jan Average,Australia,AUS
26.94,1930,Feb Average,Australia,AUS
25.23,1930,Mar Average,Australia,AUS
21.38,1930,Apr Average,Australia,AUS
17.81,1930,May Average,Australia,AUS
15.07,1930,Jun Average,Australia,AUS
14.03,1930,Jul Average,Australia,AUS
15.78,1930,Aug Average,Australia,AUS
19.05,1930,Sep Average,Australia,AUS
21.42,1930,Oct Average,Australia,AUS
24.0,1930,Nov Average,Australia,AUS
27.21,1930,Dec Average,Australia,AUS
29.44,1931,Jan Average,Australia,AUS
27.06,1931,Feb Average,Australia,AUS
25.49,1931,Mar Average,Australia,AUS
21.38,1931,Apr Average,Australia,AUS
18.34,1931,May Average,Australia,AUS
14.45,1931,Jun Average,Australia,AUS
13.63,1931,Jul Average,Australia,AUS
15.43,1931,Aug Average,Australia,AUS
18.59,1931,Sep Average,Australia,AUS
21.84,1931,Oct Average,Australia,AUS
25.38,1931,Nov Average,Australia,AUS
26.87,1931,Dec Average,Australia,AUS
27.71,1932,Jan Average,Australia,AUS
27.46,1932,Feb Average,Australia,AUS
25.99,1932,Mar Average,Australia,AUS
21.88,1932,Apr Average,Australia,AUS
17.86,1932,May Average,Australia,AUS
15.33,1932,Jun Average,Australia,AUS
13.64,1932,Jul Average,Australia,AUS
14.78,1932,Aug Average,Australia,AUS
18.68,1932,Sep Average,Australia,AUS
22.5,1932,Oct Average,Australia,AUS
24.28,1932,Nov Average,Australia,AUS
26.09,1932,Dec Average,Australia,AUS
28.05,1933,Jan Average,Australia,AUS
27.28,1933,Feb Average,Australia,AUS
25.92,1933,Mar Average,Australia,AUS
21.28,1933,Apr Average,Australia,AUS
18.51,1933,May Average,Australia,AUS
14.78,1933,Jun Average,Australia,AUS
14.1,1933,Jul Average,Australia,AUS
15.54,1933,Aug Average,Australia,AUS
19.21,1933,Sep Average,Australia,AUS
21.8,1933,Oct Average,Australia,AUS
24.32,1933,Nov Average,Australia,AUS
26.7,1933,Dec Average,Australia,AUS
27.6,1934,Jan Average,Australia,AUS
27.2,1934,Feb Average,Australia,AUS
25.31,1934,Mar Average,Australia,AUS
21.03,1934,Apr Average,Australia,AUS
17.25,1934,May Average,Australia,AUS
14.15,1934,Jun Average,Australia,AUS
13.87,1934,Jul Average,Australia,AUS
16.01,1934,Aug Average,Australia,AUS
18.73,1934,Sep Average,Australia,AUS
22.51,1934,Oct Average,Australia,AUS
25.62,1934,Nov Average,Australia,AUS
27.12,1934,Dec Average,Australia,AUS
28.08,1935,Jan Average,Australia,AUS
27.35,1935,Feb Average,Australia,AUS
25.22,1935,Mar Average,Australia,AUS
21.04,1935,Apr Average,Australia,AUS
17.74,1935,May Average,Australia,AUS
13.99,1935,Jun Average,Australia,AUS
14.53,1935,Jul Average,Australia,AUS
17.06,1935,Aug Average,Australia,AUS
19.02,1935,Sep Average,Australia,AUS
22.76,1935,Oct Average,Australia,AUS
25.59,1935,Nov Average,Australia,AUS
27.13,1935,Dec Average,Australia,AUS
27.14,1936,Jan Average,Australia,AUS
27.21,1936,Feb Average,Australia,AUS
25.48,1936,Mar Average,Australia,AUS
21.01,1936,Apr Average,Australia,AUS
18.22,1936,May Average,Australia,AUS
14.16,1936,Jun Average,Australia,AUS
13.35,1936,Jul Average,Australia,AUS
15.74,1936,Aug Average,Australia,AUS
19.04,1936,Sep Average,Australia,AUS
23.31,1936,Oct Average,Australia,AUS
26.08,1936,Nov Average,Australia,AUS
27.3,1936,Dec Average,Australia,AUS
27.61,1937,Jan Average,Australia,AUS
26.54,1937,Feb Average,Australia,AUS
26.33,1937,Mar Average,Australia,AUS
22.58,1937,Apr Average,Australia,AUS
19.14,1937,May Average,Australia,AUS
15.02,1937,Jun Average,Australia,AUS
13.94,1937,Jul Average,Australia,AUS
15.53,1937,Aug Average,Australia,AUS
19.44,1937,Sep Average,Australia,AUS
23.38,1937,Oct Average,Australia,AUS
26.41,1937,Nov Average,Australia,AUS
28.19,1937,Dec Average,Australia,AUS
28.86,1938,Jan Average,Australia,AUS
27.35,1938,Feb Average,Australia,AUS
25.18,1938,Mar Average,Australia,AUS
21.93,1938,Apr Average,Australia,AUS
18.77,1938,May Average,Australia,AUS
14.84,1938,Jun Average,Australia,AUS
13.23,1938,Jul Average,Australia,AUS
14.86,1938,Aug Average,Australia,AUS
18.19,1938,Sep Average,Australia,AUS
21.75,1938,Oct Average,Australia,AUS
24.45,1938,Nov Average,Australia,AUS
26.75,1938,Dec Average,Australia,AUS
27.92,1939,Jan Average,Australia,AUS
26.62,1939,Feb Average,Australia,AUS
26.14,1939,Mar Average,Australia,AUS
21.06,1939,Apr Average,Australia,AUS
16.82,1939,May Average,Australia,AUS
15.29,1939,Jun Average,Australia,AUS
13.93,1939,Jul Average,Australia,AUS
16.11,1939,Aug Average,Australia,AUS
19.3,1939,Sep Average,Australia,AUS
23.65,1939,Oct Average,Australia,AUS
24.86,1939,Nov Average,Australia,AUS
27.57,1939,Dec Average,Australia,AUS
26.32,1940,Jan Average,Australia,AUS
26.75,1940,Feb Average,Australia,AUS
24.37,1940,Mar Average,Australia,AUS
22.09,1940,Apr Average,Australia,AUS
17.77,1940,May Average,Australia,AUS
14.59,1940,Jun Average,Australia,AUS
14.17,1940,Jul Average,Australia,AUS
15.14,1940,Aug Average,Australia,AUS
18.87,1940,Sep Average,Australia,AUS
21.78,1940,Oct Average,Australia,AUS
25.6,1940,Nov Average,Australia,AUS
27.34,1940,Dec Average,Australia,AUS
28.12,1941,Jan Average,Australia,AUS
26.48,1941,Feb Average,Australia,AUS
25.82,1941,Mar Average,Australia,AUS
22.12,1941,Apr Average,Australia,AUS
18.95,1941,May Average,Australia,AUS
15.73,1941,Jun Average,Australia,AUS
14.27,1941,Jul Average,Australia,AUS
16.7,1941,Aug Average,Australia,AUS
19.59,1941,Sep Average,Australia,AUS
22.1,1941,Oct Average,Australia,AUS
25.1,1941,Nov Average,Australia,AUS
26.63,1941,Dec Average,Australia,AUS
27.54,1942,Jan Average,Australia,AUS
26.68,1942,Feb Average,Australia,AUS
26.3,1942,Mar Average,Australia,AUS
21.53,1942,Apr Average,Australia,AUS
17.04,1942,May Average,Australia,AUS
13.82,1942,Jun Average,Australia,AUS
13.6,1942,Jul Average,Australia,AUS
14.9,1942,Aug Average,Australia,AUS
18.67,1942,Sep Average,Australia,AUS
22.45,1942,Oct Average,Australia,AUS
24.42,1942,Nov Average,Australia,AUS
26.78,1942,Dec Average,Australia,AUS
28.41,1943,Jan Average,Australia,AUS
26.45,1943,Feb Average,Australia,AUS
25.14,1943,Mar Average,Australia,AUS
20.86,1943,Apr Average,Australia,AUS
16.4,1943,May Average,Australia,AUS
14.47,1943,Jun Average,Australia,AUS
13.92,1943,Jul Average,Australia,AUS
15.86,1943,Aug Average,Australia,AUS
20.0,1943,Sep Average,Australia,AUS
22.71,1943,Oct Average,Australia,AUS
26.31,1943,Nov Average,Australia,AUS
26.55,1943,Dec Average,Australia,AUS
27.33,1944,Jan Average,Australia,AUS
26.77,1944,Feb Average,Australia,AUS
24.95,1944,Mar Average,Australia,AUS
22.07,1944,Apr Average,Australia,AUS
17.75,1944,May Average,Australia,AUS
16.08,1944,Jun Average,Australia,AUS
13.41,1944,Jul Average,Australia,AUS
16.96,1944,Aug Average,Australia,AUS
18.69,1944,Sep Average,Australia,AUS
21.52,1944,Oct Average,Australia,AUS
24.81,1944,Nov Average,Australia,AUS
27.19,1944,Dec Average,Australia,AUS
27.75,1945,Jan Average,Australia,AUS
26.27,1945,Feb Average,Australia,AUS
24.11,1945,Mar Average,Australia,AUS
20.27,1945,Apr Average,Australia,AUS
18.41,1945,May Average,Australia,AUS
13.43,1945,Jun Average,Australia,AUS
14.45,1945,Jul Average,Australia,AUS
15.86,1945,Aug Average,Australia,AUS
18.84,1945,Sep Average,Australia,AUS
21.89,1945,Oct Average,Australia,AUS
25.28,1945,Nov Average,Australia,AUS
27.18,1945,Dec Average,Australia,AUS
28.84,1946,Jan Average,Australia,AUS
27.38,1946,Feb Average,Australia,AUS
25.3,1946,Mar Average,Australia,AUS
20.93,1946,Apr Average,Australia,AUS
18.2,1946,May Average,Australia,AUS
15.59,1946,Jun Average,Australia,AUS
14.44,1946,Jul Average,Australia,AUS
15.72,1946,Aug Average,Australia,AUS
18.47,1946,Sep Average,Australia,AUS
21.52,1946,Oct Average,Australia,AUS
24.35,1946,Nov Average,Australia,AUS
26.34,1946,Dec Average,Australia,AUS
27.04,1947,Jan Average,Australia,AUS
27.65,1947,Feb Average,Australia,AUS
24.77,1947,Mar Average,Australia,AUS
21.06,1947,Apr Average,Australia,AUS
17.26,1947,May Average,Australia,AUS
14.39,1947,Jun Average,Australia,AUS
13.94,1947,Jul Average,Australia,AUS
16.12,1947,Aug Average,Australia,AUS
18.82,1947,Sep Average,Australia,AUS
22.57,1947,Oct Average,Australia,AUS
25.04,1947,Nov Average,Australia,AUS
26.83,1947,Dec Average,Australia,AUS
27.07,1948,Jan Average,Australia,AUS
25.78,1948,Feb Average,Australia,AUS
24.66,1948,Mar Average,Australia,AUS
20.62,1948,Apr Average,Australia,AUS
16.94,1948,May Average,Australia,AUS
13.28,1948,Jun Average,Australia,AUS
14.05,1948,Jul Average,Australia,AUS
16.0,1948,Aug Average,Australia,AUS
18.43,1948,Sep Average,Australia,AUS
22.28,1948,Oct Average,Australia,AUS
24.32,1948,Nov Average,Australia,AUS
27.18,1948,Dec Average,Australia,AUS
27.5,1949,Jan Average,Australia,AUS
26.44,1949,Feb Average,Australia,AUS
24.83,1949,Mar Average,Australia,AUS
21.4,1949,Apr Average,Australia,AUS
18.46,1949,May Average,Australia,AUS
14.04,1949,Jun Average,Australia,AUS
13.97,1949,Jul Average,Australia,AUS
15.39,1949,Aug Average,Australia,AUS
19.19,1949,Sep Average,Australia,AUS
21.47,1949,Oct Average,Australia,AUS
24.51,1949,Nov Average,Australia,AUS
26.51,1949,Dec Average,Australia,AUS
27.19,1950,Jan Average,Australia,AUS
27.05,1950,Feb Average,Australia,AUS
26.26,1950,Mar Average,Australia,AUS
20.91,1950,Apr Average,Australia,AUS
16.94,1950,May Average,Australia,AUS
15.18,1950,Jun Average,Australia,AUS
13.63,1950,Jul Average,Australia,AUS
14.44,1950,Aug Average,Australia,AUS
19.33,1950,Sep Average,Australia,AUS
22.2,1950,Oct Average,Australia,AUS
25.6,1950,Nov Average,Australia,AUS
27.04,1950,Dec Average,Australia,AUS
28.22,1951,Jan Average,Australia,AUS
27.04,1951,Feb Average,Australia,AUS
25.46,1951,Mar Average,Australia,AUS
21.38,1951,Apr Average,Australia,AUS
17.64,1951,May Average,Australia,AUS
14.71,1951,Jun Average,Australia,AUS
13.65,1951,Jul Average,Australia,AUS
15.3,1951,Aug Average,Australia,AUS
19.01,1951,Sep Average,Australia,AUS
21.88,1951,Oct Average,Australia,AUS
24.38,1951,Nov Average,Australia,AUS
26.71,1951,Dec Average,Australia,AUS
26.92,1952,Jan Average,Australia,AUS
25.81,1952,Feb Average,Australia,AUS
26.22,1952,Mar Average,Australia,AUS
22.89,1952,Apr Average,Australia,AUS
17.22,1952,May Average,Australia,AUS
14.86,1952,Jun Average,Australia,AUS
13.93,1952,Jul Average,Australia,AUS
14.47,1952,Aug Average,Australia,AUS
18.46,1952,Sep Average,Australia,AUS
22.38,1952,Oct Average,Australia,AUS
24.79,1952,Nov Average,Australia,AUS
27.41,1952,Dec Average,Australia,AUS
27.4,1953,Jan Average,Australia,AUS
26.15,1953,Feb Average,Australia,AUS
25.58,1953,Mar Average,Australia,AUS
21.78,1953,Apr Average,Australia,AUS
17.55,1953,May Average,Australia,AUS
14.16,1953,Jun Average,Australia,AUS
14.38,1953,Jul Average,Australia,AUS
15.95,1953,Aug Average,Australia,AUS
18.73,1953,Sep Average,Australia,AUS
22.46,1953,Oct Average,Australia,AUS
24.89,1953,Nov Average,Australia,AUS
26.95,1953,Dec Average,Australia,AUS
27.57,1954,Jan Average,Australia,AUS
27.55,1954,Feb Average,Australia,AUS
25.25,1954,Mar Average,Australia,AUS
21.6,1954,Apr Average,Australia,AUS
16.86,1954,May Average,Australia,AUS
15.11,1954,Jun Average,Australia,AUS
13.69,1954,Jul Average,Australia,AUS
16.5,1954,Aug Average,Australia,AUS
19.5,1954,Sep Average,Australia,AUS
22.18,1954,Oct Average,Australia,AUS
24.1,1954,Nov Average,Australia,AUS
26.05,1954,Dec Average,Australia,AUS
27.19,1955,Jan Average,Australia,AUS
27.49,1955,Feb Average,Australia,AUS
25.06,1955,Mar Average,Australia,AUS
21.33,1955,Apr Average,Australia,AUS
17.25,1955,May Average,Australia,AUS
13.75,1955,Jun Average,Australia,AUS
14.01,1955,Jul Average,Australia,AUS
14.35,1955,Aug Average,Australia,AUS
17.52,1955,Sep Average,Australia,AUS
21.2,1955,Oct Average,Australia,AUS
24.09,1955,Nov Average,Australia,AUS
26.31,1955,Dec Average,Australia,AUS
27.84,1956,Jan Average,Australia,AUS
26.83,1956,Feb Average,Australia,AUS
24.82,1956,Mar Average,Australia,AUS
22.69,1956,Apr Average,Australia,AUS
17.79,1956,May Average,Australia,AUS
16.71,1956,Jun Average,Australia,AUS
12.67,1956,Jul Average,Australia,AUS
15.7,1956,Aug Average,Australia,AUS
18.57,1956,Sep Average,Australia,AUS
23.2,1956,Oct Average,Australia,AUS
25.96,1956,Nov Average,Australia,AUS
27.76,1956,Dec Average,Australia,AUS
27.78,1957,Jan Average,Australia,AUS
27.65,1957,Feb Average,Australia,AUS
25.8,1957,Mar Average,Australia,AUS
23.02,1957,Apr Average,Australia,AUS
20.06,1957,May Average,Australia,AUS
15.27,1957,Jun Average,Australia,AUS
14.54,1957,Jul Average,Australia,AUS
16.17,1957,Aug Average,Australia,AUS
17.41,1957,Sep Average,Australia,AUS
22.0,1957,Oct Average,Australia,AUS
25.5,1957,Nov Average,Australia,AUS
26.64,1957,Dec Average,Australia,AUS
28.25,1958,Jan Average,Australia,AUS
27.35,1958,Feb Average,Australia,AUS
26.16,1958,Mar Average,Australia,AUS
22.44,1958,Apr Average,Australia,AUS
17.88,1958,May Average,Australia,AUS
15.46,1958,Jun Average,Australia,AUS
14.61,1958,Jul Average,Australia,AUS
16.42,1958,Aug Average,Australia,AUS
19.33,1958,Sep Average,Australia,AUS
22.6,1958,Oct Average,Australia,AUS
26.64,1958,Nov Average,Australia,AUS
26.22,1958,Dec Average,Australia,AUS
28.34,1959,Jan Average,Australia,AUS
26.86,1959,Feb Average,Australia,AUS
25.27,1959,Mar Average,Australia,AUS
21.52,1959,Apr Average,Australia,AUS
15.88,1959,May Average,Australia,AUS
14.03,1959,Jun Average,Australia,AUS
14.14,1959,Jul Average,Australia,AUS
14.59,1959,Aug Average,Australia,AUS
18.42,1959,Sep Average,Australia,AUS
22.83,1959,Oct Average,Australia,AUS
24.39,1959,Nov Average,Australia,AUS
26.81,1959,Dec Average,Australia,AUS
27.97,1960,Jan Average,Australia,AUS
27.19,1960,Feb Average,Australia,AUS
25.72,1960,Mar Average,Australia,AUS
22.65,1960,Apr Average,Australia,AUS
17.6,1960,May Average,Australia,AUS
14.93,1960,Jun Average,Australia,AUS
13.43,1960,Jul Average,Australia,AUS
15.11,1960,Aug Average,Australia,AUS
19.98,1960,Sep Average,Australia,AUS
23.81,1960,Oct Average,Australia,AUS
25.48,1960,Nov Average,Australia,AUS
27.57,1960,Dec Average,Australia,AUS
27.72,1961,Jan Average,Australia,AUS
27.25,1961,Feb Average,Australia,AUS
25.12,1961,Mar Average,Australia,AUS
21.76,1961,Apr Average,Australia,AUS
17.23,1961,May Average,Australia,AUS
16.56,1961,Jun Average,Australia,AUS
14.58,1961,Jul Average,Australia,AUS
15.5,1961,Aug Average,Australia,AUS
18.86,1961,Sep Average,Australia,AUS
22.33,1961,Oct Average,Australia,AUS
26.15,1961,Nov Average,Australia,AUS
26.96,1961,Dec Average,Australia,AUS
27.22,1962,Jan Average,Australia,AUS
27.25,1962,Feb Average,Australia,AUS
25.98,1962,Mar Average,Australia,AUS
21.29,1962,Apr Average,Australia,AUS
18.26,1962,May Average,Australia,AUS
14.69,1962,Jun Average,Australia,AUS
13.7,1962,Jul Average,Australia,AUS
15.84,1962,Aug Average,Australia,AUS
19.03,1962,Sep Average,Australia,AUS
22.83,1962,Oct Average,Australia,AUS
25.34,1962,Nov Average,Australia,AUS
27.34,1962,Dec Average,Australia,AUS
27.64,1963,Jan Average,Australia,AUS
26.61,1963,Feb Average,Australia,AUS
25.76,1963,Mar Average,Australia,AUS
22.19,1963,Apr Average,Australia,AUS
17.76,1963,May Average,Australia,AUS
15.37,1963,Jun Average,Australia,AUS
14.97,1963,Jul Average,Australia,AUS
16.02,1963,Aug Average,Australia,AUS
19.54,1963,Sep Average,Australia,AUS
21.2,1963,Oct Average,Australia,AUS
24.81,1963,Nov Average,Australia,AUS
25.97,1963,Dec Average,Australia,AUS
27.85,1964,Jan Average,Australia,AUS
28.57,1964,Feb Average,Australia,AUS
25.4,1964,Mar Average,Australia,AUS
21.51,1964,Apr Average,Australia,AUS
18.52,1964,May Average,Australia,AUS
15.36,1964,Jun Average,Australia,AUS
13.19,1964,Jul Average,Australia,AUS
16.18,1964,Aug Average,Australia,AUS
20.0,1964,Sep Average,Australia,AUS
23.51,1964,Oct Average,Australia,AUS
25.53,1964,Nov Average,Australia,AUS
27.52,1964,Dec Average,Australia,AUS
27.63,1965,Jan Average,Australia,AUS
26.99,1965,Feb Average,Australia,AUS
25.52,1965,Mar Average,Australia,AUS
22.27,1965,Apr Average,Australia,AUS
17.11,1965,May Average,Australia,AUS
15.25,1965,Jun Average,Australia,AUS
13.74,1965,Jul Average,Australia,AUS
14.98,1965,Aug Average,Australia,AUS
18.51,1965,Sep Average,Australia,AUS
21.26,1965,Oct Average,Australia,AUS
25.07,1965,Nov Average,Australia,AUS
26.11,1965,Dec Average,Australia,AUS
27.93,1966,Jan Average,Australia,AUS
26.57,1966,Feb Average,Australia,AUS
24.0,1966,Mar Average,Australia,AUS
22.58,1966,Apr Average,Australia,AUS
18.23,1966,May Average,Australia,AUS
15.05,1966,Jun Average,Australia,AUS
13.5,1966,Jul Average,Australia,AUS
14.98,1966,Aug Average,Australia,AUS
18.77,1966,Sep Average,Australia,AUS
24.28,1966,Oct Average,Australia,AUS
25.68,1966,Nov Average,Australia,AUS
26.69,1966,Dec Average,Australia,AUS
28.3,1967,Jan Average,Australia,AUS
27.58,1967,Feb Average,Australia,AUS
25.68,1967,Mar Average,Australia,AUS
22.61,1967,Apr Average,Australia,AUS
16.41,1967,May Average,Australia,AUS
15.29,1967,Jun Average,Australia,AUS
13.25,1967,Jul Average,Australia,AUS
14.63,1967,Aug Average,Australia,AUS
18.29,1967,Sep Average,Australia,AUS
22.4,1967,Oct Average,Australia,AUS
25.16,1967,Nov Average,Australia,AUS
26.33,1967,Dec Average,Australia,AUS
28.99,1968,Jan Average,Australia,AUS
27.43,1968,Feb Average,Australia,AUS
25.28,1968,Mar Average,Australia,AUS
21.73,1968,Apr Average,Australia,AUS
18.03,1968,May Average,Australia,AUS
14.57,1968,Jun Average,Australia,AUS
14.96,1968,Jul Average,Australia,AUS
16.53,1968,Aug Average,Australia,AUS
17.41,1968,Sep Average,Australia,AUS
23.49,1968,Oct Average,Australia,AUS
25.35,1968,Nov Average,Australia,AUS
26.66,1968,Dec Average,Australia,AUS
27.93,1969,Jan Average,Australia,AUS
27.95,1969,Feb Average,Australia,AUS
25.35,1969,Mar Average,Australia,AUS
21.85,1969,Apr Average,Australia,AUS
17.31,1969,May Average,Australia,AUS
15.92,1969,Jun Average,Australia,AUS
13.92,1969,Jul Average,Australia,AUS
15.35,1969,Aug Average,Australia,AUS
18.23,1969,Sep Average,Australia,AUS
23.14,1969,Oct Average,Australia,AUS
24.92,1969,Nov Average,Australia,AUS
27.08,1969,Dec Average,Australia,AUS
28.36,1970,Jan Average,Australia,AUS
27.52,1970,Feb Average,Australia,AUS
25.76,1970,Mar Average,Australia,AUS
21.45,1970,Apr Average,Australia,AUS
17.33,1970,May Average,Australia,AUS
14.0,1970,Jun Average,Australia,AUS
13.63,1970,Jul Average,Australia,AUS
16.18,1970,Aug Average,Australia,AUS
19.4,1970,Sep Average,Australia,AUS
22.96,1970,Oct Average,Australia,AUS
24.07,1970,Nov Average,Australia,AUS
26.66,1970,Dec Average,Australia,AUS
26.98,1971,Jan Average,Australia,AUS
26.95,1971,Feb Average,Australia,AUS
24.95,1971,Mar Average,Australia,AUS
21.65,1971,Apr Average,Australia,AUS
18.15,1971,May Average,Australia,AUS
15.53,1971,Jun Average,Australia,AUS
13.94,1971,Jul Average,Australia,AUS
16.54,1971,Aug Average,Australia,AUS
19.85,1971,Sep Average,Australia,AUS
23.03,1971,Oct Average,Australia,AUS
25.79,1971,Nov Average,Australia,AUS
28.89,1971,Dec Average,Australia,AUS
28.86,1972,Jan Average,Australia,AUS
27.29,1972,Feb Average,Australia,AUS
25.84,1972,Mar Average,Australia,AUS
22.86,1972,Apr Average,Australia,AUS
19.27,1972,May Average,Australia,AUS
15.64,1972,Jun Average,Australia,AUS
15.92,1972,Jul Average,Australia,AUS
16.64,1972,Aug Average,Australia,AUS
19.05,1972,Sep Average,Australia,AUS
22.81,1972,Oct Average,Australia,AUS
24.96,1972,Nov Average,Australia,AUS
26.91,1972,Dec Average,Australia,AUS
26.86,1973,Jan Average,Australia,AUS
25.99,1973,Feb Average,Australia,AUS
25.59,1973,Mar Average,Australia,AUS
21.33,1973,Apr Average,Australia,AUS
17.53,1973,May Average,Australia,AUS
14.28,1973,Jun Average,Australia,AUS
14.47,1973,Jul Average,Australia,AUS
15.92,1973,Aug Average,Australia,AUS
18.29,1973,Sep Average,Australia,AUS
21.75,1973,Oct Average,Australia,AUS
23.92,1973,Nov Average,Australia,AUS
26.66,1973,Dec Average,Australia,AUS
27.15,1974,Jan Average,Australia,AUS
26.9,1974,Feb Average,Australia,AUS
24.78,1974,Mar Average,Australia,AUS
21.61,1974,Apr Average,Australia,AUS
18.31,1974,May Average,Australia,AUS
14.7,1974,Jun Average,Australia,AUS
15.91,1974,Jul Average,Australia,AUS
15.76,1974,Aug Average,Australia,AUS
19.73,1974,Sep Average,Australia,AUS
21.08,1974,Oct Average,Australia,AUS
25.23,1974,Nov Average,Australia,AUS
26.7,1974,Dec Average,Australia,AUS
26.26,1975,Jan Average,Australia,AUS
26.6,1975,Feb Average,Australia,AUS
25.11,1975,Mar Average,Australia,AUS
21.44,1975,Apr Average,Australia,AUS
17.39,1975,May Average,Australia,AUS
14.43,1975,Jun Average,Australia,AUS
14.21,1975,Jul Average,Australia,AUS
15.35,1975,Aug Average,Australia,AUS
18.48,1975,Sep Average,Australia,AUS
21.26,1975,Oct Average,Australia,AUS
24.25,1975,Nov Average,Australia,AUS
27.68,1975,Dec Average,Australia,AUS
27.89,1976,Jan Average,Australia,AUS
27.86,1976,Feb Average,Australia,AUS
24.92,1976,Mar Average,Australia,AUS
21.65,1976,Apr Average,Australia,AUS
17.57,1976,May Average,Australia,AUS
14.41,1976,Jun Average,Australia,AUS
13.79,1976,Jul Average,Australia,AUS
16.81,1976,Aug Average,Australia,AUS
18.37,1976,Sep Average,Australia,AUS
23.41,1976,Oct Average,Australia,AUS
25.78,1976,Nov Average,Australia,AUS
27.69,1976,Dec Average,Australia,AUS
27.84,1977,Jan Average,Australia,AUS
27.79,1977,Feb Average,Australia,AUS
26.22,1977,Mar Average,Australia,AUS
22.12,1977,Apr Average,Australia,AUS
18.46,1977,May Average,Australia,AUS
14.68,1977,Jun Average,Australia,AUS
13.8,1977,Jul Average,Australia,AUS
15.37,1977,Aug Average,Australia,AUS
17.72,1977,Sep Average,Australia,AUS
21.94,1977,Oct Average,Australia,AUS
24.83,1977,Nov Average,Australia,AUS
26.43,1977,Dec Average,Australia,AUS
29.04,1978,Jan Average,Australia,AUS
27.14,1978,Feb Average,Australia,AUS
25.91,1978,Mar Average,Australia,AUS
22.11,1978,Apr Average,Australia,AUS
17.05,1978,May Average,Australia,AUS
15.78,1978,Jun Average,Australia,AUS
14.3,1978,Jul Average,Australia,AUS
16.05,1978,Aug Average,Australia,AUS
19.29,1978,Sep Average,Australia,AUS
22.72,1978,Oct Average,Australia,AUS
26.58,1978,Nov Average,Australia,AUS
28.41,1978,Dec Average,Australia,AUS
28.18,1979,Jan Average,Australia,AUS
27.52,1979,Feb Average,Australia,AUS
26.47,1979,Mar Average,Australia,AUS
22.69,1979,Apr Average,Australia,AUS
19.22,1979,May Average,Australia,AUS
15.45,1979,Jun Average,Australia,AUS
14.34,1979,Jul Average,Australia,AUS
16.79,1979,Aug Average,Australia,AUS
20.61,1979,Sep Average,Australia,AUS
23.02,1979,Oct Average,Australia,AUS
26.57,1979,Nov Average,Australia,AUS
27.83,1979,Dec Average,Australia,AUS
28.38,1980,Jan Average,Australia,AUS
27.29,1980,Feb Average,Australia,AUS
24.78,1980,Mar Average,Australia,AUS
23.61,1980,Apr Average,Australia,AUS
18.33,1980,May Average,Australia,AUS
14.7,1980,Jun Average,Australia,AUS
14.73,1980,Jul Average,Australia,AUS
16.45,1980,Aug Average,Australia,AUS
20.6,1980,Sep Average,Australia,AUS
22.7,1980,Oct Average,Australia,AUS
24.4,1980,Nov Average,Australia,AUS
27.5,1980,Dec Average,Australia,AUS
28.67,1981,Jan Average,Australia,AUS
27.59,1981,Feb Average,Australia,AUS
24.93,1981,Mar Average,Australia,AUS
22.06,1981,Apr Average,Australia,AUS
17.96,1981,May Average,Australia,AUS
13.69,1981,Jun Average,Australia,AUS
13.2,1981,Jul Average,Australia,AUS
17.35,1981,Aug Average,Australia,AUS
18.92,1981,Sep Average,Australia,AUS
22.14,1981,Oct Average,Australia,AUS
26.62,1981,Nov Average,Australia,AUS
28.04,1981,Dec Average,Australia,AUS
28.11,1982,Jan Average,Australia,AUS
29.33,1982,Feb Average,Australia,AUS
26.04,1982,Mar Average,Australia,AUS
20.83,1982,Apr Average,Australia,AUS
18.46,1982,May Average,Australia,AUS
15.18,1982,Jun Average,Australia,AUS
13.39,1982,Jul Average,Australia,AUS
16.76,1982,Aug Average,Australia,AUS
20.77,1982,Sep Average,Australia,AUS
23.33,1982,Oct Average,Australia,AUS
25.34,1982,Nov Average,Australia,AUS
27.25,1982,Dec Average,Australia,AUS
26.51,1983,Jan Average,Australia,AUS
27.05,1983,Feb Average,Australia,AUS
24.36,1983,Mar Average,Australia,AUS
21.79,1983,Apr Average,Australia,AUS
18.48,1983,May Average,Australia,AUS
15.09,1983,Jun Average,Australia,AUS
13.49,1983,Jul Average,Australia,AUS
15.97,1983,Aug Average,Australia,AUS
17.73,1983,Sep Average,Australia,AUS
22.7,1983,Oct Average,Australia,AUS
25.6,1983,Nov Average,Australia,AUS
27.1,1983,Dec Average,Australia,AUS
28.54,1984,Jan Average,Australia,AUS
28.2,1984,Feb Average,Australia,AUS
26.53,1984,Mar Average,Australia,AUS
22.08,1984,Apr Average,Australia,AUS
18.33,1984,May Average,Australia,AUS
14.34,1984,Jun Average,Australia,AUS
14.35,1984,Jul Average,Australia,AUS
16.69,1984,Aug Average,Australia,AUS
18.68,1984,Sep Average,Australia,AUS
22.18,1984,Oct Average,Australia,AUS
25.5,1984,Nov Average,Australia,AUS
26.93,1984,Dec Average,Australia,AUS
27.93,1985,Jan Average,Australia,AUS
27.88,1985,Feb Average,Australia,AUS
27.13,1985,Mar Average,Australia,AUS
22.61,1985,Apr Average,Australia,AUS
18.87,1985,May Average,Australia,AUS
15.42,1985,Jun Average,Australia,AUS
13.97,1985,Jul Average,Australia,AUS
15.22,1985,Aug Average,Australia,AUS
19.6,1985,Sep Average,Australia,AUS
21.67,1985,Oct Average,Australia,AUS
25.17,1985,Nov Average,Australia,AUS
26.99,1985,Dec Average,Australia,AUS
27.97,1986,Jan Average,Australia,AUS
26.92,1986,Feb Average,Australia,AUS
24.81,1986,Mar Average,Australia,AUS
23.01,1986,Apr Average,Australia,AUS
17.97,1986,May Average,Australia,AUS
16.0,1986,Jun Average,Australia,AUS
14.39,1986,Jul Average,Australia,AUS
15.96,1986,Aug Average,Australia,AUS
19.46,1986,Sep Average,Australia,AUS
22.41,1986,Oct Average,Australia,AUS
25.69,1986,Nov Average,Australia,AUS
27.32,1986,Dec Average,Australia,AUS
29.02,1987,Jan Average,Australia,AUS
27.16,1987,Feb Average,Australia,AUS
26.2,1987,Mar Average,Australia,AUS
22.55,1987,Apr Average,Australia,AUS
19.17,1987,May Average,Australia,AUS
15.96,1987,Jun Average,Australia,AUS
15.2,1987,Jul Average,Australia,AUS
16.59,1987,Aug Average,Australia,AUS
20.27,1987,Sep Average,Australia,AUS
24.8,1987,Oct Average,Australia,AUS
24.94,1987,Nov Average,Australia,AUS
26.88,1987,Dec Average,Australia,AUS
27.72,1988,Jan Average,Australia,AUS
27.77,1988,Feb Average,Australia,AUS
25.46,1988,Mar Average,Australia,AUS
22.32,1988,Apr Average,Australia,AUS
18.9,1988,May Average,Australia,AUS
14.13,1988,Jun Average,Australia,AUS
13.75,1988,Jul Average,Australia,AUS
14.69,1988,Aug Average,Australia,AUS
19.51,1988,Sep Average,Australia,AUS
23.04,1988,Oct Average,Australia,AUS
24.99,1988,Nov Average,Australia,AUS
27.36,1988,Dec Average,Australia,AUS
28.56,1989,Jan Average,Australia,AUS
26.86,1989,Feb Average,Australia,AUS
26.56,1989,Mar Average,Australia,AUS
22.12,1989,Apr Average,Australia,AUS
18.78,1989,May Average,Australia,AUS
14.63,1989,Jun Average,Australia,AUS
14.77,1989,Jul Average,Australia,AUS
15.61,1989,Aug Average,Australia,AUS
19.24,1989,Sep Average,Australia,AUS
23.17,1989,Oct Average,Australia,AUS
26.91,1989,Nov Average,Australia,AUS
28.26,1989,Dec Average,Australia,AUS
28.32,1990,Jan Average,Australia,AUS
27.98,1990,Feb Average,Australia,AUS
25.87,1990,Mar Average,Australia,AUS
22.43,1990,Apr Average,Australia,AUS
18.59,1990,May Average,Australia,AUS
16.83,1990,Jun Average,Australia,AUS
14.69,1990,Jul Average,Australia,AUS
16.29,1990,Aug Average,Australia,AUS
19.76,1990,Sep Average,Australia,AUS
24.29,1990,Oct Average,Australia,AUS
25.53,1990,Nov Average,Australia,AUS
26.96,1990,Dec Average,Australia,AUS
27.67,1991,Jan Average,Australia,AUS
27.58,1991,Feb Average,Australia,AUS
26.54,1991,Mar Average,Australia,AUS
22.88,1991,Apr Average,Australia,AUS
18.49,1991,May Average,Australia,AUS
15.34,1991,Jun Average,Australia,AUS
14.91,1991,Jul Average,Australia,AUS
16.13,1991,Aug Average,Australia,AUS
18.85,1991,Sep Average,Australia,AUS
22.11,1991,Oct Average,Australia,AUS
24.06,1991,Nov Average,Australia,AUS
26.49,1991,Dec Average,Australia,AUS
28.46,1992,Jan Average,Australia,AUS
27.02,1992,Feb Average,Australia,AUS
25.73,1992,Mar Average,Australia,AUS
23.32,1992,Apr Average,Australia,AUS
18.82,1992,May Average,Australia,AUS
15.01,1992,Jun Average,Australia,AUS
15.25,1992,Jul Average,Australia,AUS
16.63,1992,Aug Average,Australia,AUS
19.24,1992,Sep Average,Australia,AUS
22.09,1992,Oct Average,Australia,AUS
25.88,1992,Nov Average,Australia,AUS
26.56,1992,Dec Average,Australia,AUS
28.73,1993,Jan Average,Australia,AUS
27.2,1993,Feb Average,Australia,AUS
24.91,1993,Mar Average,Australia,AUS
22.06,1993,Apr Average,Australia,AUS
18.5,1993,May Average,Australia,AUS
15.16,1993,Jun Average,Australia,AUS
14.64,1993,Jul Average,Australia,AUS
15.64,1993,Aug Average,Australia,AUS
19.4,1993,Sep Average,Australia,AUS
23.27,1993,Oct Average,Australia,AUS
25.6,1993,Nov Average,Australia,AUS
28.01,1993,Dec Average,Australia,AUS
28.14,1994,Jan Average,Australia,AUS
26.77,1994,Feb Average,Australia,AUS
24.97,1994,Mar Average,Australia,AUS
21.37,1994,Apr Average,Australia,AUS
17.7,1994,May Average,Australia,AUS
15.44,1994,Jun Average,Australia,AUS
14.58,1994,Jul Average,Australia,AUS
17.09,1994,Aug Average,Australia,AUS
20.22,1994,Sep Average,Australia,AUS
22.62,1994,Oct Average,Australia,AUS
25.74,1994,Nov Average,Australia,AUS
26.63,1994,Dec Average,Australia,AUS
27.98,1995,Jan Average,Australia,AUS
27.54,1995,Feb Average,Australia,AUS
25.61,1995,Mar Average,Australia,AUS
21.85,1995,Apr Average,Australia,AUS
18.46,1995,May Average,Australia,AUS
17.03,1995,Jun Average,Australia,AUS
15.04,1995,Jul Average,Australia,AUS
16.55,1995,Aug Average,Australia,AUS
19.73,1995,Sep Average,Australia,AUS
23.17,1995,Oct Average,Australia,AUS
25.32,1995,Nov Average,Australia,AUS
27.04,1995,Dec Average,Australia,AUS
27.4,1996,Jan Average,Australia,AUS
27.96,1996,Feb Average,Australia,AUS
24.79,1996,Mar Average,Australia,AUS
22.09,1996,Apr Average,Australia,AUS
17.87,1996,May Average,Australia,AUS
14.96,1996,Jun Average,Australia,AUS
13.65,1996,Jul Average,Australia,AUS
15.83,1996,Aug Average,Australia,AUS
20.17,1996,Sep Average,Australia,AUS
23.21,1996,Oct Average,Australia,AUS
25.94,1996,Nov Average,Australia,AUS
27.94,1996,Dec Average,Australia,AUS
28.62,1997,Jan Average,Australia,AUS
28.45,1997,Feb Average,Australia,AUS
26.66,1997,Mar Average,Australia,AUS
22.43,1997,Apr Average,Australia,AUS
19.3,1997,May Average,Australia,AUS
15.56,1997,Jun Average,Australia,AUS
14.49,1997,Jul Average,Australia,AUS
17.4,1997,Aug Average,Australia,AUS
20.35,1997,Sep Average,Australia,AUS
23.31,1997,Oct Average,Australia,AUS
25.36,1997,Nov Average,Australia,AUS
27.13,1997,Dec Average,Australia,AUS
28.99,1998,Jan Average,Australia,AUS
27.2,1998,Feb Average,Australia,AUS
25.92,1998,Mar Average,Australia,AUS
21.07,1998,Apr Average,Australia,AUS
19.01,1998,May Average,Australia,AUS
15.44,1998,Jun Average,Australia,AUS
14.86,1998,Jul Average,Australia,AUS
16.72,1998,Aug Average,Australia,AUS
20.47,1998,Sep Average,Australia,AUS
23.21,1998,Oct Average,Australia,AUS
23.86,1998,Nov Average,Australia,AUS
25.99,1998,Dec Average,Australia,AUS
27.01,1999,Jan Average,Australia,AUS
27.12,1999,Feb Average,Australia,AUS
25.23,1999,Mar Average,Australia,AUS
21.76,1999,Apr Average,Australia,AUS
16.77,1999,May Average,Australia,AUS
14.22,1999,Jun Average,Australia,AUS
14.81,1999,Jul Average,Australia,AUS
15.91,1999,Aug Average,Australia,AUS
20.79,1999,Sep Average,Australia,AUS
22.25,1999,Oct Average,Australia,AUS
25.39,1999,Nov Average,Australia,AUS
26.99,1999,Dec Average,Australia,AUS
28.94,2000,Jan Average,Australia,AUS
27.42,2000,Feb Average,Australia,AUS
24.66,2000,Mar Average,Australia,AUS
22.09,2000,Apr Average,Australia,AUS
17.52,2000,May Average,Australia,AUS
15.69,2000,Jun Average,Australia,AUS
14.49,2000,Jul Average,Australia,AUS
15.94,2000,Aug Average,Australia,AUS
19.92,2000,Sep Average,Australia,AUS
21.42,2000,Oct Average,Australia,AUS
24.63,2000,Nov Average,Australia,AUS
26.2,2000,Dec Average,Australia,AUS
27.71,2001,Jan Average,Australia,AUS
26.4,2001,Feb Average,Australia,AUS
25.77,2001,Mar Average,Australia,AUS
23.64,2001,Apr Average,Australia,AUS
19.26,2001,May Average,Australia,AUS
15.33,2001,Jun Average,Australia,AUS
14.61,2001,Jul Average,Australia,AUS
16.15,2001,Aug Average,Australia,AUS
20.07,2001,Sep Average,Australia,AUS
23.53,2001,Oct Average,Australia,AUS
26.68,2001,Nov Average,Australia,AUS
27.86,2001,Dec Average,Australia,AUS
28.56,2002,Jan Average,Australia,AUS
27.97,2002,Feb Average,Australia,AUS
25.1,2002,Mar Average,Australia,AUS
22.77,2002,Apr Average,Australia,AUS
18.97,2002,May Average,Australia,AUS
15.75,2002,Jun Average,Australia,AUS
15.0,2002,Jul Average,Australia,AUS
16.37,2002,Aug Average,Australia,AUS
20.22,2002,Sep Average,Australia,AUS
22.13,2002,Oct Average,Australia,AUS
25.9,2002,Nov Average,Australia,AUS
27.9,2002,Dec Average,Australia,AUS
28.27,2003,Jan Average,Australia,AUS
27.98,2003,Feb Average,Australia,AUS
25.66,2003,Mar Average,Australia,AUS
22.89,2003,Apr Average,Australia,AUS
17.9,2003,May Average,Australia,AUS
15.65,2003,Jun Average,Australia,AUS
14.45,2003,Jul Average,Australia,AUS
15.78,2003,Aug Average,Australia,AUS
18.96,2003,Sep Average,Australia,AUS
24.29,2003,Oct Average,Australia,AUS
25.57,2003,Nov Average,Australia,AUS
27.46,2003,Dec Average,Australia,AUS
28.29,2004,Jan Average,Australia,AUS
27.78,2004,Feb Average,Australia,AUS
26.54,2004,Mar Average,Australia,AUS
24.37,2004,Apr Average,Australia,AUS
19.19,2004,May Average,Australia,AUS
15.88,2004,Jun Average,Australia,AUS
15.13,2004,Jul Average,Australia,AUS
16.2,2004,Aug Average,Australia,AUS
20.1,2004,Sep Average,Australia,AUS
23.6,2004,Oct Average,Australia,AUS
25.93,2004,Nov Average,Australia,AUS
27.82,2004,Dec Average,Australia,AUS
28.86,2005,Jan Average,Australia,AUS
27.6,2005,Feb Average,Australia,AUS
26.05,2005,Mar Average,Australia,AUS
21.22,2005,Apr Average,Australia,AUS
17.03,2005,May Average,Australia,AUS
13.8,2005,Jun Average,Australia,AUS
13.98,2005,Jul Average,Australia,AUS
16.77,2005,Aug Average,Australia,AUS
20.23,2005,Sep Average,Australia,AUS
23.84,2005,Oct Average,Australia,AUS
26.68,2005,Nov Average,Australia,AUS
27.0,2005,Dec Average,Australia,AUS
27.61,2006,Jan Average,Australia,AUS
28.51,2006,Feb Average,Australia,AUS
25.73,2006,Mar Average,Australia,AUS
22.71,2006,Apr Average,Australia,AUS
19.48,2006,May Average,Australia,AUS
13.38,2006,Jun Average,Australia,AUS
14.3,2006,Jul Average,Australia,AUS
16.69,2006,Aug Average,Australia,AUS
20.21,2006,Sep Average,Australia,AUS
23.71,2006,Oct Average,Australia,AUS
25.79,2006,Nov Average,Australia,AUS
26.87,2006,Dec Average,Australia,AUS
28.81,2007,Jan Average,Australia,AUS
26.5,2007,Feb Average,Australia,AUS
25.71,2007,Mar Average,Australia,AUS
21.44,2007,Apr Average,Australia,AUS
18.13,2007,May Average,Australia,AUS
15.69,2007,Jun Average,Australia,AUS
14.24,2007,Jul Average,Australia,AUS
14.88,2007,Aug Average,Australia,AUS
20.22,2007,Sep Average,Australia,AUS
23.98,2007,Oct Average,Australia,AUS
24.89,2007,Nov Average,Australia,AUS
26.87,2007,Dec Average,Australia,AUS
28.18,2008,Jan Average,Australia,AUS
27.41,2008,Feb Average,Australia,AUS
25.76,2008,Mar Average,Australia,AUS
22.33,2008,Apr Average,Australia,AUS
17.75,2008,May Average,Australia,AUS
15.38,2008,Jun Average,Australia,AUS
14.69,2008,Jul Average,Australia,AUS
17.76,2008,Aug Average,Australia,AUS
20.12,2008,Sep Average,Australia,AUS
22.83,2008,Oct Average,Australia,AUS
26.75,2008,Nov Average,Australia,AUS
27.66,2008,Dec Average,Australia,AUS
28.28,2009,Jan Average,Australia,AUS
27.59,2009,Feb Average,Australia,AUS
25.49,2009,Mar Average,Australia,AUS
22.92,2009,Apr Average,Australia,AUS
17.98,2009,May Average,Australia,AUS
14.91,2009,Jun Average,Australia,AUS
14.58,2009,Jul Average,Australia,AUS
15.57,2009,Aug Average,Australia,AUS
18.91,2009,Sep Average,Australia,AUS
21.91,2009,Oct Average,Australia,AUS
24.59,2009,Nov Average,Australia,AUS
26.24,2009,Dec Average,Australia,AUS
28.41,2010,Jan Average,Australia,AUS
26.68,2010,Feb Average,Australia,AUS
24.28,2010,Mar Average,Australia,AUS
21.45,2010,Apr Average,Australia,AUS
16.77,2010,May Average,Australia,AUS
14.48,2010,Jun Average,Australia,AUS
14.74,2010,Jul Average,Australia,AUS
16.9,2010,Aug Average,Australia,AUS
19.31,2010,Sep Average,Australia,AUS
23.04,2010,Oct Average,Australia,AUS
25.61,2010,Nov Average,Australia,AUS
26.7,2010,Dec Average,Australia,AUS
28.02,2011,Jan Average,Australia,AUS
26.87,2011,Feb Average,Australia,AUS
24.49,2011,Mar Average,Australia,AUS
22.05,2011,Apr Average,Australia,AUS
17.48,2011,May Average,Australia,AUS
14.56,2011,Jun Average,Australia,AUS
13.81,2011,Jul Average,Australia,AUS
16.25,2011,Aug Average,Australia,AUS
20.19,2011,Sep Average,Australia,AUS
23.44,2011,Oct Average,Australia,AUS
26.6,2011,Nov Average,Australia,AUS
28.17,2011,Dec Average,Australia,AUS
29.53,2012,Jan Average,Australia,AUS
27.95,2012,Feb Average,Australia,AUS
26.17,2012,Mar Average,Australia,AUS
23.11,2012,Apr Average,Australia,AUS
19.03,2012,May Average,Australia,AUS
15.7,2012,Jun Average,Australia,AUS
15.54,2012,Jul Average,Australia,AUS
17.5,2012,Aug Average,Australia,AUS
21.58,2012,Sep Average,Australia,AUS
24.04,2012,Oct Average,Australia,AUS
25.84,2012,Nov Average,Australia,AUS
27.69,2012,Dec Average,Australia,AUS
28.88,2013,Jan Average,Australia,AUS
27.41,2013,Feb Average,Australia,AUS
26.33,2013,Mar Average,Australia,AUS
23.11,2013,Apr Average,Australia,AUS
19.7,2013,May Average,Australia,AUS
15.54,2013,Jun Average,Australia,AUS
14.57,2013,Jul Average,Australia,AUS
16.09,2013,Aug Average,Australia,AUS
20.36,2013,Sep Average,Australia,AUS
24.55,2013,Oct Average,Australia,AUS
27.02,2013,Nov Average,Australia,AUS
27.95,2013,Dec Average,Australia,AUS
27.94,2014,Jan Average,Australia,AUS
28.91,2014,Feb Average,Australia,AUS
26.23,2014,Mar Average,Australia,AUS
21.43,2014,Apr Average,Australia,AUS
17.87,2014,May Average,Australia,AUS
16.27,2014,Jun Average,Australia,AUS
14.6,2014,Jul Average,Australia,AUS
16.56,2014,Aug Average,Australia,AUS
19.38,2014,Sep Average,Australia,AUS
24.84,2014,Oct Average,Australia,AUS
27.08,2014,Nov Average,Australia,AUS
28.01,2014,Dec Average,Australia,AUS
28.4,2015,Jan Average,Australia,AUS
28.32,2015,Feb Average,Australia,AUS
27.05,2015,Mar Average,Australia,AUS
23.87,2015,Apr Average,Australia,AUS
19.78,2015,May Average,Australia,AUS
16.23,2015,Jun Average,Australia,AUS
15.05,2015,Jul Average,Australia,AUS
16.34,2015,Aug Average,Australia,AUS
19.06,2015,Sep Average,Australia,AUS
22.27,2015,Oct Average,Australia,AUS
25.89,2015,Nov Average,Australia,AUS
27.69,2015,Dec Average,Australia,AUS
28.66,2016,Jan Average,Australia,AUS
27.79,2016,Feb Average,Australia,AUS
26.98,2016,Mar Average,Australia,AUS
22.07,2016,Apr Average,Australia,AUS
18.71,2016,May Average,Australia,AUS
15.44,2016,Jun Average,Australia,AUS
15.75,2016,Jul Average,Australia,AUS
16.89,2016,Aug Average,Australia,AUS
20.36,2016,Sep Average,Australia,AUS
24.03,2016,Oct Average,Australia,AUS
26.01,2016,Nov Average,Australia,AUS
28.16,2016,Dec Average,Australia,AUS
29.16,2017,Jan Average,Australia,AUS
28.06,2017,Feb Average,Australia,AUS
26.36,2017,Mar Average,Australia,AUS
24.0,2017,Apr Average,Australia,AUS
18.26,2017,May Average,Australia,AUS
15.27,2017,Jun Average,Australia,AUS
15.3,2017,Jul Average,Australia,AUS
15.87,2017,Aug Average,Australia,AUS
19.63,2017,Sep Average,Australia,AUS
24.32,2017,Oct Average,Australia,AUS
25.94,2017,Nov Average,Australia,AUS
28.81,2017,Dec Average,Australia,AUS
30.06,2018,Jan Average,Australia,AUS
28.27,2018,Feb Average,Australia,AUS
27.13,2018,Mar Average,Australia,AUS
23.03,2018,Apr Average,Australia,AUS
18.56,2018,May Average,Australia,AUS
15.22,2018,Jun Average,Australia,AUS
15.59,2018,Jul Average,Australia,AUS
16.08,2018,Aug Average,Australia,AUS
20.04,2018,Sep Average,Australia,AUS
24.51,2018,Oct Average,Australia,AUS
26.24,2018,Nov Average,Australia,AUS
29.79,2018,Dec Average,Australia,AUS
29.05,2019,Jan Average,Australia,AUS
28.16,2019,Feb Average,Australia,AUS
26.07,2019,Mar Average,Australia,AUS
23.49,2019,Apr Average,Australia,AUS
17.44,2019,May Average,Australia,AUS
15.99,2019,Jun Average,Australia,AUS
14.98,2019,Jul Average,Australia,AUS
17.08,2019,Aug Average,Australia,AUS
21.34,2019,Sep Average,Australia,AUS
23.54,2019,Oct Average,Australia,AUS
27.42,2019,Nov Average,Australia,AUS
27.25,2019,Dec Average,Australia,AUS
